data,fold,model,extra,mean_ndcg,proportional_fairness_agriculture,proportional_fairness_high
kiva,fold1,BPR,RuleBorda_least_fair_0.5_fold1,0.029308980242939493,0.19486552567237164,0.19486552567237164
kiva,fold1,BPR,RuleBorda_product_lottery_0.5_fold1,0.03208364491317206,0.1743765281173594,0.16757946210268948
kiva,fold1,BPR,RuleBorda_weighted_product_allocation_0.5_fold1,0.03208364491317206,0.17383863080684597,0.1678728606356968
kiva,fold1,BPR,RuleCopeland_least_fair_0.5_fold1,0.020575550496724177,0.2902200488997555,0.29012224938875303
kiva,fold1,BPR,RuleCopeland_product_lottery_0.5_fold1,0.029883236831752525,0.25936430317848413,0.2041564792176039
kiva,fold1,BPR,RuleCopeland_weighted_product_allocation_0.5_fold1,0.029877476833932347,0.25985330073349633,0.20317848410757947
kiva,fold1,BPR,baseline,0.033264343956572094,0.10449877750611247,0.13315403422982885
kiva,fold1,BPR,weighted_scoring_least_fair_0.5_fold1,0.030101390161565503,0.28816625916870414,0.28777506112469436
kiva,fold1,BPR,weighted_scoring_product_lottery_0.5_fold1,0.03418022968605449,0.25902200488997557,0.20185819070904645
kiva,fold1,BPR,weighted_scoring_weighted_product_allocation_0.5_fold1,0.03418022968605449,0.2589242053789731,0.20303178484107579
