,Config Number,Config Path,Output Path,recommender_weight,fold
0,1,.//BPR_weighted_scoring_least_fair_0.5_fold1.toml,kiva_fold1_BPR_weighted_scoring_least_fair_0.5_fold1.json,0.5,1
1,2,.//BPR_weighted_scoring_product_lottery_0.5_fold1.toml,kiva_fold1_BPR_weighted_scoring_product_lottery_0.5_fold1.json,0.5,1
2,3,.//BPR_weighted_scoring_weighted_product_allocation_0.5_fold1.toml,kiva_fold1_BPR_weighted_scoring_weighted_product_allocation_0.5_fold1.json,0.5,1
3,4,.//BPR_RuleBorda_least_fair_0.5_fold1.toml,kiva_fold1_BPR_RuleBorda_least_fair_0.5_fold1.json,0.5,1
4,5,.//BPR_RuleBorda_product_lottery_0.5_fold1.toml,kiva_fold1_BPR_RuleBorda_product_lottery_0.5_fold1.json,0.5,1
5,6,.//BPR_RuleBorda_weighted_product_allocation_0.5_fold1.toml,kiva_fold1_BPR_RuleBorda_weighted_product_allocation_0.5_fold1.json,0.5,1
6,7,.//BPR_RuleCopeland_least_fair_0.5_fold1.toml,kiva_fold1_BPR_RuleCopeland_least_fair_0.5_fold1.json,0.5,1
7,8,.//BPR_RuleCopeland_product_lottery_0.5_fold1.toml,kiva_fold1_BPR_RuleCopeland_product_lottery_0.5_fold1.json,0.5,1
8,9,.//BPR_RuleCopeland_weighted_product_allocation_0.5_fold1.toml,kiva_fold1_BPR_RuleCopeland_weighted_product_allocation_0.5_fold1.json,0.5,1
